timestamp,fps,speed,steering,nav_state,traffic_state,curvature,degradation_level,estop
1771795108.07,0.0,0.0,0.0,NORMAL,FATAL DEGRADATION,0.0,3,0
1771795108.159,0.8,0.0,0.0,NORMAL,FATAL DEGRADATION,0.0,3,0
1771795108.224,4.0,0.0,0.0,NORMAL,FATAL DEGRADATION,0.0,3,0
1771795108.248,7.4,0.0,0.0,NORMAL,FATAL DEGRADATION,0.0,3,0
1771795108.306,17.6,0.0,0.0,JUNCTION_PROMPT,FATAL DEGRADATION,0.0,3,0
1771795108.34,17.5,0.0,0.0,JUNCTION_RIGHT,FATAL DEGRADATION,0.0,3,0
1771795108.375,21.3,0.0,0.0,JUNCTION_RIGHT,FATAL DEGRADATION,0.0,3,0
1771795108.42,23.4,0.0,0.0,JUNCTION_RIGHT,FATAL DEGRADATION,0.0,3,0
1771795108.464,23.1,0.0,0.0,JUNCTION_RIGHT,FATAL DEGRADATION,0.0,3,0
1771795108.509,22.7,0.0,0.0,JUNCTION_RIGHT,FATAL DEGRADATION,0.0,3,0
1771795108.554,22.9,0.0,0.0,JUNCTION_RIGHT,FATAL DEGRADATION,0.0,3,0
1771795108.605,22.6,0.0,0.0,JUNCTION_RIGHT,FATAL DEGRADATION,0.0,3,0
1771795108.648,21.7,0.0,0.0,JUNCTION_RIGHT,FATAL DEGRADATION,0.0,3,0
1771795108.69,22.3,0.0,0.0,JUNCTION_RIGHT,FATAL DEGRADATION,0.0,3,0
1771795108.738,22.4,0.0,0.0,JUNCTION_RIGHT,FATAL DEGRADATION,0.0,3,0
1771795108.782,22.2,0.0,0.0,JUNCTION_RIGHT,FATAL DEGRADATION,0.0,3,0
1771795108.841,22.3,0.0,0.0,JUNCTION_RIGHT,FATAL DEGRADATION,0.0,3,0
1771795108.869,20.7,0.0,0.0,JUNCTION_RIGHT,FATAL DEGRADATION,0.0,3,0
1771795108.905,25.2,0.0,0.0,JUNCTION_RIGHT,FATAL DEGRADATION,0.0,3,0
1771795108.953,26.0,0.0,0.0,JUNCTION_RIGHT,FATAL DEGRADATION,0.0,3,0
1771795108.996,24.4,0.0,0.0,JUNCTION_RIGHT,FATAL DEGRADATION,0.0,3,0
1771795109.042,24.1,0.0,0.0,JUNCTION_RIGHT,FATAL DEGRADATION,0.0,3,0
1771795109.087,23.3,0.0,0.0,JUNCTION_RIGHT,FATAL DEGRADATION,0.0,3,0
1771795109.133,23.1,0.0,0.0,JUNCTION_RIGHT,FATAL DEGRADATION,0.0,3,0
1771795109.183,22.7,0.0,0.0,JUNCTION_RIGHT,FATAL DEGRADATION,0.0,3,0
1771795109.225,21.7,0.0,0.0,JUNCTION_RIGHT,FATAL DEGRADATION,0.0,3,0
1771795109.271,22.2,0.0,0.0,JUNCTION_RIGHT,FATAL DEGRADATION,0.0,3,0
1771795109.318,22.5,0.0,0.0,JUNCTION_RIGHT,FATAL DEGRADATION,0.0,3,0
1771795109.363,22.0,0.0,0.0,JUNCTION_RIGHT,FATAL DEGRADATION,0.0,3,0
1771795109.411,22.0,0.0,0.0,JUNCTION_RIGHT,FATAL DEGRADATION,0.0,3,0
1771795109.452,21.7,0.0,0.0,JUNCTION_RIGHT,FATAL DEGRADATION,0.0,3,0
1771795109.502,22.6,0.0,0.0,JUNCTION_RIGHT,FATAL DEGRADATION,0.0,3,0
1771795109.548,21.8,0.0,0.0,JUNCTION_RIGHT,FATAL DEGRADATION,0.0,3,0
1771795109.593,21.8,0.0,0.0,JUNCTION_RIGHT,FATAL DEGRADATION,0.0,3,0
1771795109.64,21.8,0.0,0.0,JUNCTION_RIGHT,FATAL DEGRADATION,0.0,3,0
1771795109.685,21.7,0.0,0.0,JUNCTION_RIGHT,FATAL DEGRADATION,0.0,3,0
1771795109.73,21.8,0.0,0.0,JUNCTION_RIGHT,FATAL DEGRADATION,0.0,3,0
1771795109.78,22.0,0.0,0.0,JUNCTION_RIGHT,FATAL DEGRADATION,0.0,3,0
1771795109.83,21.5,0.0,0.0,JUNCTION_RIGHT,FATAL DEGRADATION,0.0,3,0
1771795109.865,20.8,0.0,0.0,JUNCTION_RIGHT,FATAL DEGRADATION,0.0,3,0
1771795109.901,23.6,0.0,0.0,JUNCTION_RIGHT,FATAL DEGRADATION,0.0,3,0
1771795109.946,24.6,0.0,0.0,JUNCTION_RIGHT,FATAL DEGRADATION,0.0,3,0
1771795109.989,24.0,0.0,0.0,JUNCTION_RIGHT,FATAL DEGRADATION,0.0,3,0
1771795110.032,23.8,0.0,0.0,JUNCTION_RIGHT,FATAL DEGRADATION,0.0,3,0
1771795110.078,23.7,0.0,0.0,JUNCTION_RIGHT,FATAL DEGRADATION,0.0,3,0
1771795110.124,22.8,0.0,0.0,JUNCTION_RIGHT,FATAL DEGRADATION,0.0,3,0
1771795110.18,22.7,0.0,0.0,JUNCTION_RIGHT,FATAL DEGRADATION,0.0,3,0
1771795110.213,21.2,0.0,0.0,JUNCTION_RIGHT,FATAL DEGRADATION,0.0,3,0
1771795110.25,24.2,0.0,0.0,JUNCTION_RIGHT,FATAL DEGRADATION,0.0,3,0
1771795110.296,25.0,0.0,0.0,JUNCTION_RIGHT,FATAL DEGRADATION,0.0,3,0
1771795110.34,24.0,0.0,0.0,JUNCTION_RIGHT,FATAL DEGRADATION,0.0,3,0
1771795110.384,23.7,0.0,0.0,JUNCTION_RIGHT,FATAL DEGRADATION,0.0,3,0
1771795110.434,23.2,0.0,0.0,JUNCTION_RIGHT,FATAL DEGRADATION,0.0,3,0
1771795110.478,22.4,0.0,0.0,JUNCTION_RIGHT,FATAL DEGRADATION,0.0,3,0
1771795110.522,22.3,0.0,0.0,JUNCTION_RIGHT,FATAL DEGRADATION,0.0,3,0
1771795110.567,22.6,0.0,0.0,JUNCTION_RIGHT,FATAL DEGRADATION,0.0,3,0
1771795110.611,22.5,0.0,0.0,JUNCTION_RIGHT,FATAL DEGRADATION,0.0,3,0
1771795110.658,22.5,0.0,0.0,JUNCTION_RIGHT,FATAL DEGRADATION,0.0,3,0
1771795110.704,22.1,0.0,0.0,JUNCTION_RIGHT,FATAL DEGRADATION,0.0,3,0
1771795110.76,22.2,0.0,0.0,JUNCTION_RIGHT,FATAL DEGRADATION,0.0,3,0
1771795110.81,20.9,0.0,0.0,JUNCTION_RIGHT,FATAL DEGRADATION,0.0,3,0
1771795110.846,20.6,0.0,0.0,JUNCTION_RIGHT,FATAL DEGRADATION,0.0,3,0
1771795110.867,22.8,0.0,0.0,JUNCTION_RIGHT,FATAL DEGRADATION,0.0,3,0
1771795110.91,30.1,0.0,0.0,JUNCTION_RIGHT,FATAL DEGRADATION,0.0,3,0
1771795110.97,28.0,0.0,0.0,JUNCTION_RIGHT,FATAL DEGRADATION,0.0,3,0
1771795110.997,24.7,0.0,0.0,JUNCTION_RIGHT,FATAL DEGRADATION,0.0,3,0
1771795111.03,28.6,0.0,0.0,JUNCTION_RIGHT,FATAL DEGRADATION,0.0,3,0
1771795111.077,28.9,0.0,0.0,JUNCTION_RIGHT,FATAL DEGRADATION,0.0,3,0
1771795111.12,26.7,0.0,0.0,JUNCTION_RIGHT,FATAL DEGRADATION,0.0,3,0
1771795111.164,25.6,0.0,0.0,JUNCTION_RIGHT,FATAL DEGRADATION,0.0,3,0
1771795111.21,24.6,0.0,0.0,JUNCTION_RIGHT,FATAL DEGRADATION,0.0,3,0
1771795111.259,23.7,0.0,0.0,JUNCTION_RIGHT,FATAL DEGRADATION,0.0,3,0
1771795111.301,22.9,0.0,0.0,JUNCTION_RIGHT,FATAL DEGRADATION,0.0,3,0
1771795111.349,23.0,0.0,0.0,JUNCTION_RIGHT,FATAL DEGRADATION,0.0,3,0
1771795111.395,22.5,0.0,0.0,JUNCTION_RIGHT,FATAL DEGRADATION,0.0,3,0
1771795111.45,22.2,0.0,0.0,JUNCTION_RIGHT,FATAL DEGRADATION,0.0,3,0
1771795111.485,21.0,0.0,0.0,JUNCTION_RIGHT,FATAL DEGRADATION,0.0,3,0
1771795111.533,23.4,0.0,0.0,JUNCTION_RIGHT,FATAL DEGRADATION,0.0,3,0
1771795111.577,22.6,0.0,0.0,JUNCTION_RIGHT,FATAL DEGRADATION,0.0,3,0
1771795111.623,22.6,0.0,0.0,JUNCTION_RIGHT,FATAL DEGRADATION,0.0,3,0
1771795111.668,22.4,0.0,0.0,JUNCTION_RIGHT,FATAL DEGRADATION,0.0,3,0
1771795111.718,22.2,0.0,0.0,JUNCTION_RIGHT,FATAL DEGRADATION,0.0,3,0
1771795111.76,21.7,0.0,0.0,JUNCTION_RIGHT,FATAL DEGRADATION,0.0,3,0
1771795111.813,22.2,0.0,0.0,JUNCTION_RIGHT,FATAL DEGRADATION,0.0,3,0
1771795111.852,21.1,0.0,0.0,JUNCTION_RIGHT,FATAL DEGRADATION,0.0,3,0
1771795111.901,22.5,0.0,0.0,JUNCTION_RIGHT,FATAL DEGRADATION,0.0,3,0
1771795111.947,21.9,0.0,0.0,JUNCTION_RIGHT,FATAL DEGRADATION,0.0,3,0
1771795111.991,21.9,0.0,0.0,JUNCTION_RIGHT,FATAL DEGRADATION,0.0,3,0
1771795112.033,22.2,0.0,0.0,JUNCTION_RIGHT,FATAL DEGRADATION,0.0,3,0
1771795112.09,22.5,0.0,0.0,JUNCTION_RIGHT,FATAL DEGRADATION,0.0,3,0
1771795112.137,21.0,0.0,0.0,JUNCTION_RIGHT,FATAL DEGRADATION,0.0,3,0
1771795112.166,21.3,0.0,0.0,JUNCTION_RIGHT,FATAL DEGRADATION,0.0,3,0
1771795112.203,25.5,0.0,0.0,JUNCTION_RIGHT,FATAL DEGRADATION,0.0,3,0
1771795112.248,25.6,0.0,0.0,JUNCTION_RIGHT,FATAL DEGRADATION,0.0,3,0
1771795112.296,24.7,0.0,0.0,JUNCTION_RIGHT,FATAL DEGRADATION,0.0,3,0
1771795112.346,23.5,0.0,0.0,JUNCTION_RIGHT,FATAL DEGRADATION,0.0,3,0
1771795112.402,22.6,0.0,0.0,JUNCTION_RIGHT,FATAL DEGRADATION,0.0,3,0
1771795112.444,21.0,0.0,0.0,JUNCTION_RIGHT,FATAL DEGRADATION,0.0,3,0
1771795112.481,22.0,0.0,0.0,JUNCTION_RIGHT,FATAL DEGRADATION,0.0,3,0
1771795112.528,23.5,0.0,0.0,JUNCTION_RIGHT,FATAL DEGRADATION,0.0,3,0
1771795112.581,22.8,0.0,0.0,JUNCTION_RIGHT,FATAL DEGRADATION,0.0,3,0
1771795112.635,21.7,0.0,0.0,JUNCTION_RIGHT,FATAL DEGRADATION,0.0,3,0
1771795112.678,20.6,0.0,0.0,JUNCTION_RIGHT,FATAL DEGRADATION,0.0,3,0
1771795112.714,21.5,0.0,0.0,JUNCTION_RIGHT,FATAL DEGRADATION,0.0,3,0
1771795112.741,23.1,0.0,0.0,JUNCTION_RIGHT,FATAL DEGRADATION,0.0,3,0
1771795112.805,27.9,0.0,0.0,JUNCTION_RIGHT,FATAL DEGRADATION,0.0,3,0
1771795112.848,24.2,0.0,0.0,JUNCTION_RIGHT,FATAL DEGRADATION,0.0,3,0
1771795112.876,24.1,0.0,45.0,JUNCTION_RIGHT,FATAL DEGRADATION,0.0,3,0
1771795112.907,27.6,0.0,45.0,JUNCTION_RIGHT,FATAL DEGRADATION,0.0,3,0
1771795112.962,28.9,0.0,45.0,JUNCTION_RIGHT,FATAL DEGRADATION,0.0,3,0
1771795112.987,25.7,0.0,45.0,JUNCTION_RIGHT,FATAL DEGRADATION,0.0,3,0
1771795113.032,29.7,0.0,45.0,JUNCTION_RIGHT,FATAL DEGRADATION,0.0,3,0
1771795113.075,27.5,0.0,45.0,JUNCTION_RIGHT,FATAL DEGRADATION,0.0,3,0
1771795113.124,26.1,0.0,45.0,JUNCTION_RIGHT,FATAL DEGRADATION,0.0,3,0
1771795113.179,24.4,0.0,45.0,JUNCTION_RIGHT,FATAL DEGRADATION,0.0,3,0
1771795113.206,22.6,0.0,45.0,JUNCTION_RIGHT,FATAL DEGRADATION,0.0,3,0
1771795113.252,26.7,0.0,45.0,JUNCTION_RIGHT,FATAL DEGRADATION,0.0,3,0
1771795113.303,25.2,0.0,45.0,JUNCTION_RIGHT,FATAL DEGRADATION,0.0,3,0
1771795113.334,23.5,0.0,45.0,JUNCTION_RIGHT,FATAL DEGRADATION,0.0,3,0
1771795113.387,26.2,0.0,45.0,JUNCTION_RIGHT,FATAL DEGRADATION,0.0,3,0
1771795113.448,24.0,0.0,45.0,JUNCTION_RIGHT,FATAL DEGRADATION,0.0,3,0
1771795113.494,21.8,0.0,45.0,JUNCTION_RIGHT,FATAL DEGRADATION,0.0,3,0
1771795113.541,21.5,0.0,45.0,JUNCTION_RIGHT,FATAL DEGRADATION,0.0,3,0
1771795113.603,21.7,0.0,45.0,JUNCTION_RIGHT,FATAL DEGRADATION,0.0,3,0
1771795113.642,20.0,0.0,45.0,JUNCTION_RIGHT,FATAL DEGRADATION,0.0,3,0
1771795113.683,21.8,0.0,45.0,JUNCTION_RIGHT,FATAL DEGRADATION,0.0,3,0
1771795113.711,22.4,0.0,45.0,JUNCTION_RIGHT,FATAL DEGRADATION,0.0,3,0
1771795113.743,26.8,0.0,45.0,JUNCTION_RIGHT,FATAL DEGRADATION,0.0,3,0
1771795113.79,27.9,0.0,45.0,JUNCTION_RIGHT,FATAL DEGRADATION,0.0,3,0
1771795113.833,26.1,0.0,45.0,JUNCTION_RIGHT,FATAL DEGRADATION,0.0,3,0
1771795113.883,25.2,0.0,45.0,JUNCTION_RIGHT,FATAL DEGRADATION,0.0,3,0
1771795113.94,23.5,0.0,45.0,JUNCTION_RIGHT,FATAL DEGRADATION,0.0,3,0
1771795113.969,21.7,0.0,45.0,JUNCTION_RIGHT,FATAL DEGRADATION,0.0,3,0
1771795114.02,26.1,0.0,45.0,JUNCTION_RIGHT,FATAL DEGRADATION,0.0,3,0
1771795114.074,24.1,0.0,45.0,JUNCTION_RIGHT,FATAL DEGRADATION,0.0,3,0
1771795114.103,22.4,0.0,45.0,JUNCTION_RIGHT,FATAL DEGRADATION,0.0,3,0
1771795114.139,26.2,0.0,45.0,JUNCTION_RIGHT,FATAL DEGRADATION,0.0,3,0
1771795114.185,26.6,0.0,45.0,JUNCTION_RIGHT,FATAL DEGRADATION,0.0,3,0
1771795114.261,25.1,0.0,45.0,JUNCTION_RIGHT,FATAL DEGRADATION,0.0,3,0
1771795114.3,21.5,0.0,45.0,JUNCTION_RIGHT,FATAL DEGRADATION,0.0,3,0
1771795114.354,22.9,0.0,45.0,JUNCTION_RIGHT,FATAL DEGRADATION,0.0,3,0
1771795114.41,21.5,0.0,45.0,JUNCTION_RIGHT,FATAL DEGRADATION,0.0,3,0
1771795114.463,20.3,0.0,45.0,JUNCTION_RIGHT,FATAL DEGRADATION,0.0,3,0
1771795114.488,20.0,0.0,45.0,JUNCTION_RIGHT,FATAL DEGRADATION,0.0,3,0
1771795114.535,26.1,0.0,45.0,JUNCTION_RIGHT,FATAL DEGRADATION,0.0,3,0
1771795114.588,24.6,0.0,45.0,JUNCTION_RIGHT,FATAL DEGRADATION,0.0,3,0
1771795114.624,23.0,0.0,45.0,JUNCTION_RIGHT,FATAL DEGRADATION,0.0,3,0
1771795114.67,24.2,0.0,45.0,JUNCTION_RIGHT,FATAL DEGRADATION,0.0,3,0
1771795114.738,23.5,0.0,45.0,JUNCTION_RIGHT,FATAL DEGRADATION,0.0,3,0
1771795114.806,20.8,0.0,45.0,JUNCTION_RIGHT,FATAL DEGRADATION,0.0,3,0
1771795114.834,19.0,0.0,45.0,JUNCTION_RIGHT,FATAL DEGRADATION,0.0,3,0
1771795114.872,24.4,0.0,45.0,JUNCTION_RIGHT,FATAL DEGRADATION,0.0,3,0
1771795114.919,25.1,0.0,45.0,JUNCTION_RIGHT,FATAL DEGRADATION,0.0,3,0
1771795114.979,23.8,0.0,45.0,JUNCTION_RIGHT,FATAL DEGRADATION,0.0,3,0
1771795115.019,21.6,0.0,45.0,JUNCTION_RIGHT,FATAL DEGRADATION,0.0,3,0
1771795115.047,22.5,0.0,45.0,JUNCTION_RIGHT,FATAL DEGRADATION,0.0,3,0
1771795115.093,27.1,0.0,45.0,JUNCTION_RIGHT,FATAL DEGRADATION,0.0,3,0
1771795115.132,25.4,0.0,45.0,JUNCTION_RIGHT,FATAL DEGRADATION,0.0,3,0
1771795115.156,25.7,0.0,45.0,JUNCTION_RIGHT,FATAL DEGRADATION,0.0,3,0
1771795115.191,30.3,0.0,45.0,JUNCTION_RIGHT,FATAL DEGRADATION,0.0,3,0
1771795115.251,29.8,0.0,45.0,JUNCTION_RIGHT,FATAL DEGRADATION,0.0,3,0
1771795115.29,25.8,0.0,45.0,JUNCTION_RIGHT,FATAL DEGRADATION,0.0,3,0
1771795115.345,25.5,0.0,45.0,JUNCTION_RIGHT,FATAL DEGRADATION,0.0,3,0
1771795115.394,23.4,0.0,45.0,JUNCTION_RIGHT,FATAL DEGRADATION,0.0,3,0
1771795115.432,22.6,0.0,45.0,JUNCTION_RIGHT,FATAL DEGRADATION,0.0,3,0
1771795115.455,23.8,0.0,45.0,JUNCTION_RIGHT,FATAL DEGRADATION,0.0,3,0
1771795115.501,29.5,0.0,45.0,JUNCTION_RIGHT,FATAL DEGRADATION,0.0,3,0
1771795115.535,27.1,0.0,45.0,JUNCTION_RIGHT,FATAL DEGRADATION,0.0,3,0
1771795115.586,28.0,0.0,45.0,JUNCTION_RIGHT,FATAL DEGRADATION,0.0,3,0
1771795115.648,25.5,0.0,45.0,JUNCTION_RIGHT,FATAL DEGRADATION,0.0,3,0
1771795115.678,22.6,0.0,45.0,JUNCTION_RIGHT,FATAL DEGRADATION,0.0,3,0
1771795115.728,25.5,0.0,45.0,JUNCTION_RIGHT,FATAL DEGRADATION,0.0,3,0
1771795115.788,24.0,0.0,45.0,JUNCTION_RIGHT,FATAL DEGRADATION,0.0,3,0
1771795115.831,21.9,0.0,45.0,JUNCTION_RIGHT,FATAL DEGRADATION,0.0,3,0
1771795115.873,22.2,0.0,45.0,JUNCTION_RIGHT,FATAL DEGRADATION,0.0,3,0
1771795115.922,22.5,0.0,45.0,JUNCTION_RIGHT,FATAL DEGRADATION,0.0,3,0
1771795115.956,22.0,0.0,45.0,JUNCTION_RIGHT,FATAL DEGRADATION,0.0,3,0
1771795115.984,24.2,0.0,45.0,JUNCTION_RIGHT,FATAL DEGRADATION,0.0,3,0
1771795116.038,27.3,0.0,45.0,JUNCTION_RIGHT,FATAL DEGRADATION,0.0,3,0
1771795116.093,24.7,0.0,45.0,JUNCTION_RIGHT,FATAL DEGRADATION,0.0,3,0
1771795116.128,22.8,0.0,45.0,JUNCTION_RIGHT,FATAL DEGRADATION,0.0,3,0
1771795116.183,24.4,0.0,45.0,JUNCTION_RIGHT,FATAL DEGRADATION,0.0,3,0
1771795116.226,22.5,0.0,45.0,JUNCTION_RIGHT,FATAL DEGRADATION,0.0,3,0
1771795116.271,22.9,0.0,45.0,JUNCTION_RIGHT,FATAL DEGRADATION,0.0,3,0
1771795116.309,22.6,0.0,45.0,JUNCTION_RIGHT,FATAL DEGRADATION,0.0,3,0
